<?xml version="1.0" encoding="utf-8"?>
<Font size="5" family="Pixeled" height="14" style="Regular">
 <Char width="2" offset="0 11" rect="1 8 0 0" code=" "/>
 <Char width="2" offset="0 5" rect="2 2 1 6" code="!"/>
 <Char width="4" offset="0 5" rect="4 2 3 2" code="&quot;"/>
 <Char width="6" offset="0 6" rect="8 3 5 5" code="#"/>
 <Char width="6" offset="0 4" rect="14 1 5 7" code="$"/>
 <Char width="2" offset="0 5" rect="20 2 1 2" code="'"/>
 <Char width="3" offset="0 5" rect="22 2 2 6" code="("/>
 <Char width="4" offset="1 5" rect="25 2 2 6" code=")"/>
 <Char width="4" offset="0 6" rect="28 3 3 3" code="+"/>
 <Char width="2" offset="0 10" rect="32 7 1 2" code=","/>
 <Char width="4" offset="0 7" rect="34 4 3 1" code="-"/>
 <Char width="2" offset="0 10" rect="38 7 1 1" code="."/>
 <Char width="4" offset="0 5" rect="40 2 3 6" code="/"/>
 <Char width="5" offset="0 5" rect="44 2 4 6" code="0"/>
 <Char width="2" offset="0 5" rect="49 2 1 6" code="1"/>
 <Char width="5" offset="0 5" rect="51 2 4 6" code="2"/>
 <Char width="5" offset="0 5" rect="56 2 4 6" code="3"/>
 <Char width="5" offset="0 5" rect="61 2 4 6" code="4"/>
 <Char width="5" offset="0 5" rect="66 2 4 6" code="5"/>
 <Char width="5" offset="0 5" rect="71 2 4 6" code="6"/>
 <Char width="5" offset="0 5" rect="76 2 4 6" code="7"/>
 <Char width="5" offset="0 5" rect="81 2 4 6" code="8"/>
 <Char width="5" offset="0 5" rect="86 2 4 6" code="9"/>
 <Char width="2" offset="0 7" rect="91 4 1 3" code=":"/>
 <Char width="2" offset="0 7" rect="93 4 1 4" code=";"/>
 <Char width="4" offset="0 6" rect="95 3 3 3" code="="/>
 <Char width="6" offset="0 5" rect="99 2 5 6" code="?"/>
 <Char width="5" offset="0 5" rect="105 2 4 6" code="A"/>
 <Char width="5" offset="0 5" rect="110 2 4 6" code="B"/>
 <Char width="5" offset="0 5" rect="115 2 4 6" code="C"/>
 <Char width="5" offset="0 5" rect="120 2 4 6" code="D"/>
 <Char width="5" offset="0 5" rect="125 2 4 6" code="E"/>
 <Char width="5" offset="0 5" rect="130 2 4 6" code="F"/>
 <Char width="5" offset="0 5" rect="135 2 4 6" code="G"/>
 <Char width="5" offset="0 5" rect="140 2 4 6" code="H"/>
 <Char width="2" offset="0 5" rect="145 2 1 6" code="I"/>
 <Char width="5" offset="0 5" rect="147 2 4 6" code="J"/>
 <Char width="5" offset="0 5" rect="152 2 4 6" code="K"/>
 <Char width="5" offset="0 5" rect="157 2 4 6" code="L"/>
 <Char width="6" offset="0 5" rect="162 2 5 6" code="M"/>
 <Char width="5" offset="0 5" rect="168 2 4 6" code="N"/>
 <Char width="5" offset="0 5" rect="173 2 4 6" code="O"/>
 <Char width="5" offset="0 5" rect="178 2 4 6" code="P"/>
 <Char width="6" offset="0 5" rect="183 2 5 6" code="Q"/>
 <Char width="5" offset="0 5" rect="189 2 4 6" code="R"/>
 <Char width="5" offset="0 5" rect="194 2 4 6" code="S"/>
 <Char width="6" offset="0 5" rect="199 2 5 6" code="T"/>
 <Char width="5" offset="0 5" rect="205 2 4 6" code="U"/>
 <Char width="6" offset="0 5" rect="210 2 5 6" code="V"/>
 <Char width="6" offset="0 5" rect="216 2 5 6" code="W"/>
 <Char width="6" offset="0 5" rect="222 2 5 6" code="X"/>
 <Char width="6" offset="0 5" rect="228 2 5 6" code="Y"/>
 <Char width="5" offset="0 5" rect="234 2 4 6" code="Z"/>
 <Char width="4" offset="0 5" rect="239 2 3 6" code="["/>
 <Char width="4" offset="0 5" rect="243 2 3 6" code="\"/>
 <Char width="4" offset="0 5" rect="247 2 3 6" code="]"/>
 <Char width="4" offset="0 5" rect="251 2 3 2" code="^"/>
 <Char width="5" offset="0 10" rect="255 7 4 1" code="_"/>
 <Char width="4" offset="1 5" rect="260 2 2 2" code="`"/>
 <Char width="5" offset="0 6" rect="263 3 4 5" code="a"/>
 <Char width="5" offset="0 6" rect="268 3 4 5" code="b"/>
 <Char width="5" offset="0 6" rect="273 3 4 5" code="c"/>
 <Char width="5" offset="0 6" rect="278 3 4 5" code="d"/>
 <Char width="5" offset="0 6" rect="283 3 4 5" code="e"/>
 <Char width="5" offset="0 6" rect="288 3 4 5" code="f"/>
 <Char width="5" offset="0 6" rect="293 3 4 5" code="g"/>
 <Char width="5" offset="0 6" rect="298 3 4 5" code="h"/>
 <Char width="2" offset="0 6" rect="303 3 1 5" code="i"/>
 <Char width="4" offset="0 6" rect="305 3 3 5" code="j"/>
 <Char width="5" offset="0 6" rect="309 3 4 5" code="k"/>
 <Char width="2" offset="0 6" rect="314 3 1 5" code="l"/>
 <Char width="6" offset="0 6" rect="316 3 5 5" code="m"/>
 <Char width="5" offset="0 6" rect="322 3 4 5" code="n"/>
 <Char width="5" offset="0 6" rect="327 3 4 5" code="o"/>
 <Char width="5" offset="0 6" rect="332 3 4 5" code="p"/>
 <Char width="5" offset="0 6" rect="337 3 4 5" code="q"/>
 <Char width="5" offset="0 6" rect="342 3 4 5" code="r"/>
 <Char width="5" offset="0 6" rect="347 3 4 5" code="s"/>
 <Char width="5" offset="0 6" rect="352 3 4 5" code="t"/>
 <Char width="5" offset="0 6" rect="357 3 4 5" code="u"/>
 <Char width="6" offset="0 6" rect="362 3 5 5" code="v"/>
 <Char width="6" offset="0 6" rect="368 3 5 5" code="w"/>
 <Char width="6" offset="0 6" rect="374 3 5 5" code="x"/>
 <Char width="5" offset="0 6" rect="380 3 4 5" code="y"/>
 <Char width="5" offset="0 6" rect="385 3 4 5" code="z"/>
 <Char width="2" offset="0 5" rect="390 2 1 6" code="|"/>
 <Char width="5" offset="0 6" rect="392 3 4 2" code="~"/>
</Font>
